onset	duration	sample	value
0.0000000000	n/a	0	boundary
10.3640000000	1.0000000000	10364	S 36
24.7970000000	1.0000000000	24797	S 30
39.9480000000	1.0000000000	39948	S 26
54.6400000000	1.0000000000	54640	S 38
68.1440000000	1.0000000000	68144	S 28
83.2950000000	1.0000000000	83295	S 20
98.0930000000	1.0000000000	98093	S 40
110.9030000000	1.0000000000	110903	S 22
124.3720000000	1.0000000000	124372	S 28
137.5110000000	1.0000000000	137511	S 42
152.0380000000	1.0000000000	152038	S 20
166.0480000000	1.0000000000	166048	S 34
178.4700000000	1.0000000000	178470	S 22
193.3620000000	1.0000000000	193362	S 36
205.5370000000	1.0000000000	205537	S 30
218.7350000000	1.0000000000	218735	S 38
231.0390000000	1.0000000000	231039	S 30
244.8720000000	1.0000000000	244872	S 42
258.3760000000	1.0000000000	258376	S 26
273.8210000000	1.0000000000	273821	S 40
287.1720000000	1.0000000000	287172	S 30
301.6530000000	1.0000000000	301653	S 18
314.7210000000	1.0000000000	314721	S 30
326.3200000000	1.0000000000	326320	S 34
340.0240000000	1.0000000000	340024	S 24
354.2570000000	1.0000000000	354257	S 38
367.6900000000	1.0000000000	367690	S 24
383.1590000000	1.0000000000	383159	S 34
397.0630000000	1.0000000000	397063	S 24
410.6840000000	1.0000000000	410684	S 38
424.4240000000	1.0000000000	424424	S 18
440.1160000000	1.0000000000	440116	S 40
453.3370000000	1.0000000000	453337	S 26
465.5240000000	1.0000000000	465524	S 38
480.1100000000	1.0000000000	480110	S 28
493.8260000000	1.0000000000	493826	S 42
507.5530000000	1.0000000000	507553	S 22
521.8100000000	1.0000000000	521810	S 34
536.5730000000	1.0000000000	536573	S 26
550.2530000000	1.0000000000	550253	S 28
561.8750000000	1.0000000000	561875	S 40
574.6610000000	1.0000000000	574661	S 28
589.6240000000	1.0000000000	589624	S 40
603.8570000000	1.0000000000	603857	S 20
617.8200000000	1.0000000000	617820	S 20
632.0770000000	1.0000000000	632077	S 36
646.5340000000	1.0000000000	646534	S 24
661.0730000000	1.0000000000	661073	S 18
674.8360000000	1.0000000000	674836	S 42
687.2340000000	1.0000000000	687234	S 24
701.9970000000	1.0000000000	701997	S 34
716.8890000000	1.0000000000	716889	S 20
731.1810000000	1.0000000000	731181	S 22
744.6140000000	1.0000000000	744614	S 36
760.1060000000	1.0000000000	760106	S 22
775.7740000000	1.0000000000	775774	S 18
788.8790000000	1.0000000000	788879	S 36
803.5940000000	1.0000000000	803594	S 18
816.6510000000	1.0000000000	816651	S 42
831.4020000000	1.0000000000	831402	S 26
