onset	duration	sample	value
0.0000000000	n/a	0	boundary
19.5810000000	1.0000000000	19581	S 36
32.0620000000	1.0000000000	32062	S 30
43.7190000000	1.0000000000	43719	S 26
58.4350000000	1.0000000000	58435	S 38
72.3270000000	1.0000000000	72327	S 28
84.1960000000	1.0000000000	84196	S 20
97.0650000000	1.0000000000	97065	S 40
109.8040000000	1.0000000000	109804	S 22
123.5430000000	1.0000000000	123543	S 28
137.0470000000	1.0000000000	137047	S 42
150.1750000000	1.0000000000	150175	S 20
162.9140000000	1.0000000000	162914	S 34
175.4770000000	1.0000000000	175477	S 22
189.6400000000	1.0000000000	189640	S 36
201.8740000000	1.0000000000	201874	S 30
213.4840000000	1.0000000000	213484	S 38
228.9050000000	1.0000000000	228905	S 30
241.5620000000	1.0000000000	241562	S 42
254.0080000000	1.0000000000	254008	S 26
267.5350000000	1.0000000000	267535	S 40
282.1450000000	1.0000000000	282145	S 30
296.1080000000	1.0000000000	296108	S 18
310.4700000000	1.0000000000	310470	S 30
323.6800000000	1.0000000000	323680	S 34
336.8550000000	1.0000000000	336855	S 24
351.8060000000	1.0000000000	351806	S 38
365.2160000000	1.0000000000	365216	S 24
378.7780000000	1.0000000000	378778	S 34
392.1410000000	1.0000000000	392141	S 24
405.3040000000	1.0000000000	405304	S 38
419.3020000000	1.0000000000	419302	S 18
432.0890000000	1.0000000000	432089	S 40
446.1220000000	1.0000000000	446122	S 26
458.4610000000	1.0000000000	458461	S 38
472.2600000000	1.0000000000	472260	S 28
483.9870000000	1.0000000000	483987	S 42
496.2330000000	1.0000000000	496233	S 22
509.2780000000	1.0000000000	509278	S 34
522.5470000000	1.0000000000	522547	S 26
536.5450000000	1.0000000000	536545	S 28
549.3780000000	1.0000000000	549378	S 40
562.4940000000	1.0000000000	562494	S 28
575.5390000000	1.0000000000	575539	S 40
591.1840000000	1.0000000000	591184	S 20
604.1710000000	1.0000000000	604171	S 20
617.7800000000	1.0000000000	617780	S 36
631.7900000000	1.0000000000	631790	S 24
644.8360000000	1.0000000000	644836	S 18
659.4100000000	1.0000000000	659410	S 42
673.7370000000	1.0000000000	673737	S 24
688.2530000000	1.0000000000	688253	S 34
700.4750000000	1.0000000000	700475	S 20
712.4730000000	1.0000000000	712473	S 22
726.6710000000	1.0000000000	726671	S 36
740.3280000000	1.0000000000	740328	S 22
753.4790000000	1.0000000000	753479	S 18
765.7830000000	1.0000000000	765783	S 36
779.0640000000	1.0000000000	779064	S 18
791.5560000000	1.0000000000	791556	S 42
804.5430000000	1.0000000000	804543	S 26
