onset	duration	sample	value
0.0000000000	n/a	0	boundary
18.7010000000	1.0000000000	18701	S 36
30.9580000000	1.0000000000	30958	S 30
44.7800000000	1.0000000000	44780	S 26
59.0720000000	1.0000000000	59072	S 38
71.3880000000	1.0000000000	71388	S 28
86.0090000000	1.0000000000	86009	S 20
99.0540000000	1.0000000000	99054	S 40
114.6170000000	1.0000000000	114617	S 22
128.7910000000	1.0000000000	128791	S 28
142.9660000000	1.0000000000	142966	S 42
158.1400000000	1.0000000000	158140	S 20
173.2790000000	1.0000000000	173279	S 34
185.5130000000	1.0000000000	185513	S 22
198.6050000000	1.0000000000	198605	S 36
212.6620000000	1.0000000000	212662	S 30
225.8720000000	1.0000000000	225872	S 38
239.6230000000	1.0000000000	239623	S 30
253.1150000000	1.0000000000	253115	S 42
268.0540000000	1.0000000000	268054	S 26
280.4760000000	1.0000000000	280476	S 40
294.4270000000	1.0000000000	294427	S 30
309.0960000000	1.0000000000	309096	S 18
323.2580000000	1.0000000000	323258	S 30
338.1860000000	1.0000000000	338186	S 34
351.4780000000	1.0000000000	351478	S 24
365.4170000000	1.0000000000	365417	S 38
379.6860000000	1.0000000000	379686	S 24
391.8840000000	1.0000000000	391884	S 34
404.8590000000	1.0000000000	404859	S 24
416.3980000000	1.0000000000	416398	S 38
430.2440000000	1.0000000000	430244	S 18
442.4770000000	1.0000000000	442477	S 40
456.3460000000	1.0000000000	456346	S 26
469.6730000000	1.0000000000	469673	S 38
482.8130000000	1.0000000000	482813	S 28
497.7400000000	1.0000000000	497740	S 42
513.1030000000	1.0000000000	513103	S 22
527.4770000000	1.0000000000	527477	S 34
539.3110000000	1.0000000000	539311	S 26
552.8850000000	1.0000000000	552885	S 28
564.7900000000	1.0000000000	564790	S 40
579.1400000000	1.0000000000	579140	S 28
593.3030000000	1.0000000000	593303	S 40
608.5720000000	1.0000000000	608572	S 20
622.1110000000	1.0000000000	622111	S 20
635.3800000000	1.0000000000	635380	S 36
650.2010000000	1.0000000000	650201	S 24
663.0230000000	1.0000000000	663023	S 18
674.6450000000	1.0000000000	674645	S 42
688.1840000000	1.0000000000	688184	S 24
702.8060000000	1.0000000000	702806	S 34
715.6740000000	1.0000000000	715674	S 20
729.8610000000	1.0000000000	729861	S 22
741.9300000000	1.0000000000	741930	S 36
754.7980000000	1.0000000000	754798	S 22
769.0430000000	1.0000000000	769043	S 18
781.7120000000	1.0000000000	781712	S 36
794.4160000000	1.0000000000	794416	S 18
808.1670000000	1.0000000000	808167	S 42
821.5180000000	1.0000000000	821518	S 26
