onset	duration	sample	value
0.0000000000	n/a	0	boundary
11.3200000000	1.0000000000	11320	S 36
25.0240000000	1.0000000000	25024	S 30
38.3400000000	1.0000000000	38340	S 26
52.1730000000	1.0000000000	52173	S 38
65.5240000000	1.0000000000	65524	S 28
79.6630000000	1.0000000000	79663	S 20
95.0730000000	1.0000000000	95073	S 40
106.3540000000	1.0000000000	106354	S 22
118.0110000000	1.0000000000	118011	S 28
132.5860000000	1.0000000000	132586	S 42
146.1480000000	1.0000000000	146148	S 20
160.1930000000	1.0000000000	160193	S 34
174.1680000000	1.0000000000	174168	S 22
187.9540000000	1.0000000000	187954	S 36
201.7880000000	1.0000000000	201788	S 30
216.5860000000	1.0000000000	216586	S 38
228.7840000000	1.0000000000	228784	S 30
242.9820000000	1.0000000000	242982	S 42
254.6980000000	1.0000000000	254698	S 26
268.7430000000	1.0000000000	268743	S 40
282.3060000000	1.0000000000	282306	S 30
297.0330000000	1.0000000000	297033	S 18
310.1490000000	1.0000000000	310149	S 30
323.9120000000	1.0000000000	323912	S 34
338.3100000000	1.0000000000	338310	S 24
350.1790000000	1.0000000000	350179	S 38
362.7180000000	1.0000000000	362718	S 24
375.6110000000	1.0000000000	375611	S 34
390.2320000000	1.0000000000	390232	S 24
402.0780000000	1.0000000000	402078	S 38
414.0520000000	1.0000000000	414052	S 18
426.0390000000	1.0000000000	426039	S 40
439.6960000000	1.0000000000	439696	S 26
454.5170000000	1.0000000000	454517	S 38
468.6570000000	1.0000000000	468657	S 28
482.1130000000	1.0000000000	482113	S 42
495.2290000000	1.0000000000	495229	S 22
510.2740000000	1.0000000000	510274	S 34
521.6140000000	1.0000000000	521614	S 26
535.0830000000	1.0000000000	535083	S 28
547.1630000000	1.0000000000	547163	S 40
560.9030000000	1.0000000000	560903	S 28
572.3600000000	1.0000000000	572360	S 40
586.2400000000	1.0000000000	586240	S 20
601.4030000000	1.0000000000	601403	S 20
615.7770000000	1.0000000000	615777	S 36
629.9280000000	1.0000000000	629928	S 24
642.3150000000	1.0000000000	642315	S 18
656.3830000000	1.0000000000	656383	S 42
670.6750000000	1.0000000000	670675	S 24
684.9560000000	1.0000000000	684956	S 34
699.0480000000	1.0000000000	699048	S 20
711.2460000000	1.0000000000	711246	S 22
725.1970000000	1.0000000000	725197	S 36
738.9950000000	1.0000000000	738995	S 22
750.8170000000	1.0000000000	750817	S 18
764.6980000000	1.0000000000	764698	S 36
779.0490000000	1.0000000000	779049	S 18
792.8230000000	1.0000000000	792823	S 42
806.9040000000	1.0000000000	806904	S 26
